mean_loss,std_loss
2.1396582,2.5434186
