mean_loss,std_loss
1.7752789,2.8510447
