mean_loss,std_loss
2.8148053,3.1074579
